No,movie,weekatTop10
1,Scream,2
2,Love at First Sight,1
3,Leatherface,1
4,All My Life,1
5,The Croods,6
6,The Deep House,1
7,The Great Seduction,3
8,Come Play,1
9,The Boss Baby,11
10,You Are So Not Invited to My Bat Mitzvah,4
1,The Great Seduction,2
2,The Croods,5
3,You Are So Not Invited to My Bat Mitzvah,3
4,A Day and a Half,2
5,Scream,1
6,The Boss Baby,10
7,Out of Death,2
8,Spirit Stallion of the Cimarron,1
9,Choose Love,2
10,Shrek,18
1,The Great Seduction,1
2,You Are So Not Invited to My Bat Mitzvah,2
3,On the Line,2
4,The Boss Baby,9
5,Out of Death,1
6,Half Brothers,3
7,A Day and a Half,1
8,Choose Love,1
9,The Monkey King,3
10,Killer Book Club,1
1,Half Brothers,2
2,The Boss Baby,8
3,On the Line,1
4,Street Kings,1
5,The Monkey King,2
6,You Are So Not Invited to My Bat Mitzvah,1
7,Heart of Stone,3
8,Monte Carlo,1
9,Madagascar,1
10,Rumble,2
1,Heart of Stone,2
2,Half Brothers,1
3,Rumble,1
4,Good Luck to You Leo Grande,2
5,The Monkey King,1
6,Miraculous Ladybug & Cat Noir The Movie,4
7,Shrek,17
8,Stuart Little 2,2
9,What Men Want,3
10,The Boss Baby,7
1,Heart of Stone,1
2,Shark Bait,2
3,Good Luck to You Leo Grande,1
4,Clifford the Big Red Dog,2
5,Hidden Strike,3
6,Miraculous Ladybug & Cat Noir The Movie,3
7,Paradise,3
8,Stuart Little,1
9,What Men Want,2
10,Stuart Little 2,1
1,Hidden Strike,2
2,Miraculous Ladybug & Cat Noir The Movie,2
3,Shark Bait,1
4,Paradise,2
5,The Lady of Silence The Mataviejitas Murders,2
6,Clifford the Big Red Dog,1
7,Soulcatcher,1
8,The Almost Legends,3
9,Happiness for Beginners,1
10,Zom 100 Bucket List of the Dead,1
1,Hidden Strike,1
2,Miraculous Ladybug & Cat Noir The Movie,1
3,The Almost Legends,2
4,The Lady of Silence The Mataviejitas Murders,1
5,Bird Box Barcelona,3
6,Paradise,1
7,Paw Patrol The Movie,7
8,Whats Your Number?,2
9,Shrek,16
10,Shrek 2,10
1,The Almost Legends,1
2,Bird Box Barcelona,2
3,The OutLaws,3
4,Man on Fire,3
5,Paw Patrol The Movie,6
6,Whats Your Number?,1
7,Shrek,15
8,Shrek 2,9
9,Paranormal Activity Next of Kin,1
10,Sing,17
1,The OutLaws,2
2,Bird Box Barcelona,1
3,Mafia Mamma,2
4,Battle of the Year,1
5,Paw Patrol The Movie,5
6,Are We There Yet?,2
7,Shrek,14
8,Terminator Salvation,1
9,Shrek 2,8
10,Sing,16
1,Old Henry,1
2,The OutLaws,1
3,Sniper Assassins End,2
4,The Silencing,1
5,Paw Patrol The Movie,4
6,Are We There Yet?,1
7,Extraction 2,4
8,Mafia Mamma,1
9,Blumhouses Fantasy Island,2
10,The Last Stand,1
1,Extraction 2,3
2,Through My Window Across the Sea,2
3,Paw Patrol The Movie,3
4,Ghosts of the Abyss,1
5,Make Me Believe,2
6,Sniper Assassins End,1
7,The Perfect Find,1
8,Get Out,2
9,Shrek,13
10,Blumhouses Fantasy Island,1
1,Extraction 2,2
2,Paw Patrol The Movie,2
3,Through My Window Across the Sea,1
4,Get Out,1
5,Extraction,2
6,What Happens in Vegas,2
7,Make Me Believe,1
8,Shrek,12
9,Take Care of Maya,1
10,Shrek 2,7
1,Extraction 2,2
2,Paw Patrol The Movie,2
3,Through My Window Across the Sea,1
4,Get Out,1
5,Extraction,2
6,What Happens in Vegas,2
7,Make Me Believe,1
8,Shrek,12
9,Take Care of Maya,1
10,Shrek 2,7
1,Extraction 2,2
2,Paw Patrol The Movie,2
3,Through My Window Across the Sea,1
4,Get Out,1
5,Extraction,2
6,What Happens in Vegas,2
7,Make Me Believe,1
8,Shrek,12
9,Take Care of Maya,1
10,Shrek 2,7
1,Where the Tracks End,2
2,Tin & Tina,2
3,¡Que viva México!,4
4,Blood & Gold,1
5,2 Hearts,2
6,A Beautiful Life,1
7,The Pledge,1
8,Shooter,1
9,The Mother,4
10,Shrek,10
1,¡Que viva México!,3
2,2 Hearts,1
3,Where the Tracks End,1
4,The Mother,3
5,Mothers Day,1
6,Tin & Tina,1
7,Shrek,9
8,Faithfully Yours,2
9,The Great Wall,3
10,The Flintstones,1
1,¡Que viva México!,2
2,The Mother,2
3,Faithfully Yours,1
4,Synchronic,2
5,The Healer,1
6,Wrong Place,3
7,Mrs. Chatterjee vs Norway,1
8,Sing,15
9,The Deep End of the Ocean,3
10,Anna Nicole Smith You Dont Know Me,1
1,¡Que viva México!,1
2,The Mother,1
3,Wrong Place,2
4,The Deep End of the Ocean,2
5,Synchronic,1
6,1408,1
7,Knowing,2
8,The Tournament,2
9,A Quiet Place Part II,3
10,Kung Fu Panda 3,3
1,Wrong Place,1
2,AKA,2
3,A Quiet Place Part II,2
4,The Deep End of the Ocean,1
5,The Father,1
6,The Lodge,1
7,The Tournament,1
8,Queens on the Run,4
9,Knowing,1
10,Hunger,5
1,Let Him Go,2
2,AKA,1
3,A Tourists Guide to Love,2
4,Queens on the Run,3
5,Hunger,4
6,Chokehold,1
7,Shrek 2,6
8,One More Time,2
9,A Quiet Place Part II,1
10,Chupa,4
1,Queens on the Run,2
2,Let Him Go,1
3,Hunger,3
4,The Last Kingdom Seven Kings Must Die,2
5,Trolls World Tour,2
6,Chupa,3
7,A Tourists Guide to Love,1
8,Shrek 2,5
9,One More Time,1
10,Sing,14
1,Hunger,2
2,Queens on the Run,1
3,Chupa,2
4,Trolls World Tour,1
5,The Last Kingdom Seven Kings Must Die,1
6,Home,2
7,Murder Mystery 2,3
8,Shrek 2,4
9,Risen,3
10,Noah,2
1,Murder Mystery 2,2
2,Chupa,1
3,Noah,1
4,비상선언,2
5,Home,1
6,Hunger,1
7,Murder Mystery,2
8,Patriots Day,1
9,Kill Boksoon,2
10,Risen,2
1,비상선언,1
2,Murder Mystery 2,1
3,Chor Nikal Ke Bhaga,2
4,Murder Mystery,1
5,Johnny,2
6,Sing,13
7,Perfume The Story of a Murderer,3
8,Shrek 2,3
9,Kill Boksoon,1
10,Luther The Fallen Sun,4
1,Perfume The Story of a Murderer,2
2,The Magicians Elephant,2
3,In His Shadow,2
4,Luther The Fallen Sun,3
5,Still Time,2
6,Chor Nikal Ke Bhaga,1
7,Noise,2
8,All Quiet on the Western Front,5
9,Sing,12
10,Johnny,1
1,Luther The Fallen Sun,2
2,Have a nice day!,1
3,The Magicians Elephant,1
4,Still Time,1
5,Faraway,2
6,Perfume The Story of a Murderer,1
7,All Quiet on the Western Front,4
8,In His Shadow,1
9,Noise,1
10,Sing,11
1,Luther The Fallen Sun,1
2,Faraway,1
3,The Constant Gardener,1
4,Boyz n the Hood,1
5,Love at First Kiss,2
6,Bad Boys for Life,3
7,The Secret Life of Pets,7
8,Bridge to Terabithia,2
9,Sing,10
10,10 Days of a Good Man,1
1,Bad Boys for Life,2
2,We Have a Ghost,2
3,The Condemned,1
4,The Secret Life of Pets,6
5,Love at First Kiss,1
6,Tonight Youre Sleeping with Me,1
7,Bridge to Terabithia,1
8,The Strays,2
9,Tears of the Sun,1
10,Sing,9
1,Army of One,1
2,We Have a Ghost,1
3,The Strays,1
4,The Secret Life of Pets,5
5,Jurassic World,2
6,Bad Boys for Life,1
7,All the Places,2
8,Unlocked,2
9,Your Place or Mine,3
10,Sing,8
1,All the Places,1
2,Your Place or Mine,2
3,Jurassic World,1
4,Sing,7
5,Powder,3
6,Captain Underpants The First Epic Movie,1
7,Squared Love All Over Again,1
8,The Secret Life of Pets,4
9,Unlocked,1
10,Sniper Ultimate Kill,2
1,Your Place or Mine,1
2,Bloodshot,2
3,I Like It But It Scares Me,2
4,Viking Wolf,2
5,Powder,2
6,True Spirit,1
7,Sniper Ultimate Kill,1
8,Sing,6
9,Sniper Ghost Shooter,2
10,P.S. I Love You,1
1,I Like It But It Scares Me,1
2,You People,2
3,Sniper Ghost Shooter,1
4,The Hurricane Heist,1
5,Viking Wolf,1
6,Bloodshot,1
7,Sing,5
8,Powder,1
9,Inheritance,2
10,Infiesto,1
1,Narvik,1
2,Inheritance,1
3,You People,1
4,Sing,4
5,Puss in Boots,2
6,The Price of Family,1
7,JUNGE,2
8,Guillermo del Toro’s Pinocchio,8
9,Shrek 2,2
10,Shrek,8
1,Sing,3
2,Noise,2
3,Dog Gone,2
4,JUNGE,1
5,I Tonya,1
6,Puss in Boots,1
7,Guillermo del Toro’s Pinocchio,7
8,Shrek 2,1
9,Jumanji The Next Level,3
10,Shrek,7
1,Noise,1
2,Sing,2
3,The Pale Blue Eye,2
4,Dog Gone,1
5,Jumanji The Next Level,2
6,Guillermo del Toro’s Pinocchio,6
7,Next Day Air,1
8,A Dogs Purpose,1
9,Colombiana,1
10,Maid in Manhattan,1
1,Sing,1
2,Jumanji The Next Level,1
3,The Pale Blue Eye,1
4,Brawl in Cell Block 99,1
5,Honest Thief,1
6,Hard Target 2,1
7,Guillermo del Toro’s Pinocchio,5
8,Roald Dahls Matilda The Musical,2
9,Ad Astra,1
10,Glass Onion A Knives Out Mystery,3
1,Glass Onion A Knives Out Mystery,2
2,Roald Dahls Matilda The Musical,1
3,Guillermo del Toro’s Pinocchio,4
4,A Not So Merry Christmas,2
5,How the Grinch Stole Christmas,7
6,A Bad Moms Christmas,2
7,Hereditary,1
8,Colors of Love,1
9,7 Women and a Murder,1
10,Troll,5
1,Guillermo del Toro’s Pinocchio,3
2,A Not So Merry Christmas,1
3,Glass Onion A Knives Out Mystery,1
4,How the Grinch Stole Christmas,6
5,The Volcano Rescue from Whakaari,1
6,A Bad Moms Christmas,1
7,The Big 4,2
8,Troll,4
9,Private Lesson,1
10,I Believe in Santa,2
1,Guillermo del Toro’s Pinocchio,2
2,Gods Crooked Lines,2
3,Troll,3
4,How the Grinch Stole Christmas,5
5,I Believe in Santa,1
6,The Big 4,1
7,The Boy in the Striped Pajamas,1
8,In Broad Daylight The Narvarte Case,2
9,Problem Child,1
10,Problem Child 2,1
1,Guillermo del Toro’s Pinocchio,1
2,Troll,2
3,Lady Chatterleys Lover,2
4,My Name Is Vendetta,2
5,Hunter Killer,2
6,Gods Crooked Lines,1
7,Scrooge A Christmas Carol,1
8,How the Grinch Stole Christmas,4
9,In Broad Daylight The Narvarte Case,1
10,Warriors of Future,2
1,Troll,1
2,My Name Is Vendetta,1
3,The Swimmers,2
4,Lady Chatterleys Lover,1
5,Christmas Full of Grace,1
6,Hunter Killer,1
7,Slumberland,3
8,Warriors of Future,1
9,Whos a Good Boy?,2
10,The Noel Diary,2
1,Slumberland,2
2,The Swimmers,1
3,The Noel Diary,1
4,Christmas on Mistletoe Farm,1
5,The Wonder,2
6,The Lost Patient,1
7,Falling for Christmas,3
8,Whos a Good Boy?,1
9,Lesson Plan,1
10,Christmas with You,2
1,Slumberland,1
2,Falling for Christmas,2
3,The Wonder,1
4,Dont Blame the Kid,2
5,Southpaw,1
6,Christmas with You,1
7,Enola Holmes 2,3
8,Minions & More Volume 2,2
9,Lost Bullet 2,2
10,The Girl with All the Gifts,1
1,Falling for Christmas,1
2,Enola Holmes 2,2
3,Medieval,1
4,The Chalk Line,1
5,Dont Blame the Kid,1
6,Lost Bullet 2,1
7,Minions & More Volume 2,1
8,The Hunger Games,1
9,The Gift,1
10,All Quiet on the Western Front,3
1,Enola Holmes 2,1
2,War,1
3,The Good Nurse,2
4,All Quiet on the Western Front,2
5,The Takeover,1
6,Wild Is the Wind,2
7,Beyond the Universe,2
8,The School for Good and Evil,3
9,The Boss Baby,6
10,20th Century Girl,3
1,The Good Nurse,1
2,The School for Good and Evil,2
3,All Quiet on the Western Front,1
4,20th Century Girl,2
5,Beyond the Universe,1
6,The Boss Baby,5
7,Hellhole,1
8,Wild Is the Wind,1
9,Clemency,1
10,The Stranger,2
1,The School for Good and Evil,1
2,The Curse of Bridge Hollow,2
3,Black and Blue,2
4,The Stranger,1
5,The Boss Baby,4
6,Someone Borrowed,2
7,Luckiest Girl Alive,3
8,Silent Night,1
9,Charlies Angels,1
10,20th Century Girl,1
1,Luckiest Girl Alive,2
2,Someone Borrowed,1
3,The Curse of Bridge Hollow,1
4,The Boss Baby,3
5,Mr. Harrigans Phone,2
6,Old People,1
7,Blackout,1
8,Running with the Devil,1
9,Black and Blue,1
10,Monster Trucks,1
1,Mr. Harrigans Phone,1
2,Luckiest Girl Alive,1
3,The Boss Baby,2
4,Marauders,2
5,The Hunt,2
6,Minions & More Volume 1,2
7,Blonde,2
8,The Tax Collector,1
9,The Ruins,1
10,Trial by Fire,1
1,Lou,2
2,Blonde,1
3,Minions & More Volume 1,1
4,Marauders,1
5,The Boss Baby,1
6,A Jazzmans Blues,1
7,ATHENA,1
8,Grace and Grit,1
9,Do Revenge,3
10,The Hunt,1
1,Lou,1
2,Do Revenge,2
3,The Perfumier,1
4,Dolittle,2
5,El Jeremías,2
6,I Used to Be Famous,1
7,The Invisible Man,2
8,The Catholic School,2
9,Matilda,3
10,White Chicks,3
1,End of the Road,2
2,Do Revenge,1
3,No Limit,1
4,Dolittle,1
5,El Jeremías,1
6,The Invisible Man,1
7,White Chicks,2
8,The Catholic School,1
9,Triple 9,2
10,Matilda,2
1,White Chicks,1
2,End of the Road,1
3,For Better for Worse,1
4,Labor Day,1
5,I Came By,2
6,Triple 9,1
7,Hanna,1
8,Love in the Villa,2
9,Matilda,1
10,The Core,1
1,Loving Adults,2
2,Me Time,2
3,Love in the Villa,1
4,I Came By,1
5,Under Her Control,1
6,Thats Amor,1
7,Dark Waters,1
8,Look Both Ways,3
9,The Angry Birds Movie 2,3
10,Rise of the Legend,1
1,Me Time,1
2,Look Both Ways,2
3,The Next 365 Days,2
4,The Great Wall,2
5,Loving Adults,1
6,The Angry Birds Movie 2,2
7,Welcome Home Roscoe Jenkins,1
8,Blood Father,1
9,The Mummy,1
10,Day Shift,3
1,Look Both Ways,1
2,Day Shift,2
3,The Angry Birds Movie 2,1
4,The Next 365 Days,1
5,Purple Hearts,4
6,1917,2
7,River Runs Red,1
8,Royalteen,1
9,The Great Wall,1
10,Barbie in the 12 Dancing Princesses,1
1,Purple Hearts,3
2,Day Shift,1
3,1917,1
4,Don’t Blame Karma!,2
5,Dreamkatcher,1
6,Flight,1
7,Wonder,2
8,Carter,2
9,SpiderMan Far from Home,3
10,The Gray Man,4
1,Purple Hearts,2
2,Don’t Blame Karma!,1
3,SpiderMan Far from Home,2
4,The Gray Man,3
5,Carter,1
6,Primal Fear,1
7,Wonder,1
8,The Sea Beast,5
9,Wedding Season,1
10,Recurrence,2
1,The Gray Man,2
2,Purple Hearts,1
3,SpiderMan Far from Home,1
4,Recurrence,1
5,Too Old for Fairy Tales,2
6,The Sea Beast,4
7,Mirreyes vs Godinez,3
8,Clean,2
9,Persuasion,3
10,Line of Duty,1
1,The Gray Man,1
2,Clean,1
3,Daughter of the Wolf,1
4,The Sea Beast,3
5,Persuasion,2
6,Mirreyes vs Godinez,2
7,Too Old for Fairy Tales,1
8,Incantation,2
9,Live is Life,1
10,Shrek,6
1,The Sea Beast,2
2,Mirreyes vs Godinez,1
3,Persuasion,1
4,Incantation,1
5,Dangerous Liaisons,2
6,American Assassin,2
7,Girl in the Picture,2
8,Sicario,2
9,Valley of the Dead,1
10,My Daughter’s Killer,1
1,Grand Isle,1
2,The Sea Beast,1
3,American Assassin,1
4,Radio,1
5,Girl in the Picture,1
6,The Mystery of Her,1
7,Leons Heart,2
8,Sicario,1
9,Dangerous Liaisons,1
10,Homefront,2
1,The Man from Toronto,2
2,Homefront,1
3,Glamour Girls,1
4,Hustle,4
5,Leons Heart,1
6,Love & Gelato,2
7,Last Knights,1
8,La leyenda de la Nahuala,1
9,Once Upon a Time in Hollywood,1
10,Sonic the Hedgehog,9
1,The Man from Toronto,1
2,Hustle,3
3,Love & Gelato,1
4,Spiderhead,2
5,Loca por el trabajo,2
6,Chickenhare and the Hamster of Darkness,2
7,Heart Parade,2
8,S.W.A.T. Firefight,1
9,Sonic the Hedgehog,8
10,Collision,2
1,Hustle,2
2,Chickenhare and the Hamster of Darkness,1
3,Spiderhead,1
4,The Wrath of God,1
5,Loca por el trabajo,1
6,Belzebuth,2
7,Collision,1
8,Halftime,1
9,Trees of Peace,1
10,Heart Parade,1
1,Hustle,1
2,Interceptor,2
3,Deep Impact,1
4,Belzebuth,1
5,Memoirs of a Geisha,2
6,Knives Out,1
7,Jimmy Neutron Boy Genius,1
8,Horsemen,1
9,Sonic the Hedgehog,7
10,Forsaken,1
1,Memoirs of a Geisha,1
2,Interceptor,1
3,The Outpost,1
4,Sonic the Hedgehog,6
5,The Turning,1
6,RRR Hindi,1
7,Jack Reacher,1
8,Hell on the Border,1
9,Senior Year,4
10,A Perfect Pairing,3
1,Dangerous,2
2,A Perfect Pairing,2
3,Cleveland Abduction,1
4,Senior Year,3
5,Sonic the Hedgehog,5
6,F*ck Love Too,2
7,Toscana,2
8,Turbo,1
9,Jackass 4.5,1
10,G.I. Joe The Rise of Cobra,2
1,Senior Year,2
2,Dangerous,1
3,A Perfect Pairing,1
4,Sonic the Hedgehog,4
5,The Perfect Family,2
6,Toscana,1
7,G.I. Joe The Rise of Cobra,1
8,Gangubai Kathiawadi,1
9,Fuck Love Too,1
10,Widows,1
1,Senior Year,1
2,Sonic the Hedgehog,3
3,The Perfect Family,1
4,The Takedown,2
5,Marmaduke,1
6,Body Cam,1
7,Operation Mincemeat,1
8,Men in Black International,2
9,Mr. Deeds,1
10,40 Years Young,2
1,Sonic the Hedgehog,2
2,40 Years Young,1
3,I Swear It Wasnt Me,2
4,Honeymoon with My Mother,2
5,Men in Black International,1
6,365 Days This Day,2
7,The Takedown,1
8,Bohemian Rhapsody,2
9,47 Meters Down Uncaged,2
10,The Room,1
1,365 Days This Day,1
2,The Vault,2
3,Silverton Siege,1
4,The Lovely Bones,1
5,Sonic the Hedgehog,1
6,Bohemian Rhapsody,1
7,47 Meters Down Uncaged,1
8,Honeymoon with My Mother,1
9,I Swear It Wasnt Me,1
10,Shrek,5
1,Playing with Fire,1
2,The Vault,1
3,The In Between,3
4,Yakuza Princess,1
5,The Intruder,1
6,Choose or Die,2
7,Shrek,4
8,Brightburn,1
9,The Taming of the Shrewd,2
10,The Secret Life of Pets 2,8
1,The In Between,2
2,A Score to Settle,1
3,Furioza,2
4,The Taming of the Shrewd,1
5,A Dogs Way Home,1
6,Choose or Die,1
7,Risen,1
8,Metal Lords,1
9,Dancing on Glass,1
10,Jack Reacher Never Go Back,1
1,The In Between,1
2,Furioza,1
3,Ya veremos,2
4,All Hail,2
5,Enough,1
6,Riders of Justice,1
7,Peter Rabbit,1
8,The Amazing SpiderMan 2,1
9,Enforcement,1
10,Charlottes Web,1
1,All Hail,1
2,Ya veremos,1
3,Gemini Man,3
4,In Good Hands,2
5,Escape Room,1
6,The Inhabitant,1
7,The Adam Project,4
8,Black Crab,3
9,The Prince & Me,1
10,The Ice Road,3
1,Gemini Man,2
2,In Good Hands,1
3,Black Crab,2
4,Anna,2
5,The Adam Project,3
6,The Dead Dont Die,1
7,Without Saying Goodbye,2
8,The Ice Road,2
9,John Wick Chapter 2,1
10,Rescued by Ruby,2
1,The Adam Project,2
2,The Ice Road,1
3,Black Crab,1
4,Gemini Man,1
5,Chernobyl 1986,3
6,The Bombardment,2
7,Without Saying Goodbye,1
8,SpiderMan Into the SpiderVerse,3
9,Rescued by Ruby,1
10,Anna,1
1,The Adam Project,1
2,The Bombardment,1
3,Chernobyl 1986,2
4,SpiderMan Into the SpiderVerse,2
5,The Weekend Away,2
6,SpiderMan 3,2
7,Against The Ice,2
8,Trauma Center,1
9,The Emoji Movie,1
10,The Secret Life of Pets 2,7
1,SpiderMan Into the SpiderVerse,1
2,The Weekend Away,1
3,Against The Ice,1
4,Chernobyl 1986,1
5,Restless,2
6,A Woman With No Filter,2
7,SpiderMan 3,1
8,Valentinas Wedding,2
9,Una película de huevos,1
10,Abominable,3
1,A Woman With No Filter,1
2,Compadres,1
3,Abominable,2
4,Todos queremos a alguien,1
5,Valentinas Wedding,1
6,Restless,1
7,Texas Chainsaw Massacre,2
8,3 idiotas,1
9,Lost Paradise,1
10,Dont Kill Me,1
1,Abominable,1
2,The Tinder Swindler,3
3,Texas Chainsaw Massacre,1
4,Tall Girl 2,2
5,The Vanishing,1
6,Parallel Roads,1
7,Parallel Mothers,1
8,Dora and the Lost City of Gold,2
9,Love Tactics,1
10,The Secret Life of Pets 2,6
1,The Tinder Swindler,2
2,Tall Girl 2,1
3,Through My Window,2
4,Dora and the Lost City of Gold,1
5,13 Hours The Secret Soldiers of Benghazi,2
6,Faster,2
7,La leyenda del Charro Negro,1
8,The Privilege,1
9,The Secret Life of Pets 2,5
10,Into the Wind,1
1,Through My Window,1
2,My Best Friend Anne Frank,1
3,Home Team,2
4,The Tinder Swindler,1
5,13 Hours The Secret Soldiers of Benghazi,1
6,The Secret Life of Pets 2,4
7,Faster,1
8,Precious Cargo,1
9,Teenage Mutant Ninja Turtles 2,1
10,Believe Me The Abduction of Lisa McVey,1
1,The Secret Life of Pets 2,3
2,The Possession of Hannah Grace,1
3,My Fathers Violin,1
4,The Royal Treatment,2
5,Home Team,1
6,Hotel Transylvania 3 Summer Vacation,12
7,Munich – The Edge of War,2
8,A Perfect Enemy,1
9,Amandla,1
10,Shrek,3
1,The Secret Life of Pets 2,2
2,The Royal Treatment,1
3,Brazen,2
4,The Clovehitch Killer,2
5,The Mustang,1
6,Hotel Transylvania 3 Summer Vacation,11
7,The House,1
8,Dont Look Up,5
9,Munich – The Edge of War,1
10,Riverdance The Animated Adventure,1
1,Brazen,1
2,The Secret Life of Pets 2,1
3,Mother/Android,2
4,The Clovehitch Killer,1
5,Dont Look Up,4
6,Sin Nombre,2
7,Back to the Outback,6
8,Fast & Furious Presents Hobbs & Shaw,4
9,Hotel Transylvania 3 Summer Vacation,10
10,Yesterday,1
1,Mother/Android,1
2,Dont Look Up,3
3,Sin Nombre,1
4,The Lost Daughter,2
5,Backtrace,1
6,The Wasteland,1
7,Back to the Outback,5
8,Fast & Furious Presents Hobbs & Shaw,3
9,Seal Team,1
10,SpiderMan Homecoming,4
1,Dont Look Up,2
2,Fast & Furious Presents Hobbs & Shaw,2
3,Vicky and Her Mystery,2
4,Back to the Outback,4
5,The Lost Daughter,1
6,SpiderMan Homecoming,3
7,The Unforgivable,4
8,Fathers & Daughters,1
9,Grumpy Christmas,2
10,SpiderMan,1
1,Dont Look Up,1
2,Fast & Furious Presents Hobbs & Shaw,1
3,Grumpy Christmas,1
4,Back to the Outback,3
5,SpiderMan Homecoming,2
6,Fracture,2
7,The Unforgivable,3
8,How the Grinch Stole Christmas,3
9,Vicky and Her Mystery,1
10,Crawl,1
1,The Unforgivable,2
2,Back to the Outback,2
3,John Wick Chapter 3  Parabellum,2
4,Anonymously Yours,2
5,A California Christmas City Lights,1
6,SpiderMan Homecoming,1
7,How the Grinch Stole Christmas,2
8,Fracture,1
9,13 Going on 30,1
10,I Dont Know How She Does It,1
1,The Unforgivable,1
2,Anonymously Yours,1
3,Redemption Day,1
4,The Whole Truth,2
5,Troy,1
6,Back to the Outback,1
7,John Wick Chapter 3  Parabellum,1
8,David and the Elves,1
9,How the Grinch Stole Christmas,1
10,The Croods,4
1,Spoiled Brats,2
2,Bruised,2
3,The Power of the Dog,1
4,The Whole Truth,1
5,The Hangover Part III,1
6,A Boy Called Christmas,2
7,A Castle For Christmas,2
8,The Croods,3
9,Red Notice,4
10,Single All The Way,1
1,Bruised,1
2,The Croods,2
3,Red Notice,3
4,Five Feet Apart,2
5,A Boy Called Christmas,1
6,Spoiled Brats,1
7,Trolls,2
8,A Castle For Christmas,1
9,The Princess Switch 3 Romancing the Star,2
10,Extinct,1
1,Red Notice,2
2,The Croods,1
3,Prayers for the Stolen,1
4,Trolls,1
5,Goosebumps 2 Haunted Halloween,1
6,The Princess Switch 3 Romancing the Star,1
7,White Boy Rick,1
8,Love Hard,3
9,Five Feet Apart,1
10,Central Intelligence,1
1,Red Notice,1
2,Love Hard,2
3,Yara,2
4,211,1
5,Just Go With It,2
6,Army of Thieves,3
7,The Harder They Fall,2
8,Father Christmas Is Back,1
9,Transformers The Last Knight,2
10,Daddys Home 2,1
1,Army of Thieves,2
2,The Harder They Fall,1
3,Love Hard,1
4,Just Go With It,1
5,Transformers The Last Knight,1
6,Yara,1
7,The Girl in the Spiders Web,1
8,Army of the Dead,1
9,Rise of the Guardians,1
10,Only Mine,2
1,Army of Thieves,1
2,Final Score,1
3,Hypnotic,1
4,A Dogs Journey,2
5,Only Mine,1
6,Venom,4
7,Night Teeth,2
8,Hotel Transylvania 3 Summer Vacation,9
9,Shrek,2
10,Stuck Together,1
1,Night Teeth,1
2,The Forgotten Battle,2
3,A Dogs Journey,1
4,Venom,3
5,What Happens in Vegas,1
6,Gran Torino,1
7,The Trip,1
8,Unfaithful,1
9,Hotel Transylvania 3 Summer Vacation,8
10,In for a Murder,1
1,Venom,2
2,The Forgotten Battle,1
3,Redemption,1
4,Ma,2
5,My Brother My Sister,1
6,My Little Pony A New Generation,4
7,Pacific Rim,2
8,Addams Family Values,2
9,Hotel Transylvania 3 Summer Vacation,7
10,Son of the South,1
1,Venom,1
2,The Guilty,2
3,Pacific Rim,1
4,My Little Pony A New Generation,3
5,Theres Someone Inside Your House,1
6,Heat,1
7,Ma,1
8,Addams Family Values,1
9,The Rite,1
10,The Shawshank Redemption,1
1,The Guilty,1
2,My Little Pony A New Generation,2
3,The Starling,2
4,No One Gets Out Alive,1
5,Beauty and the Beast,1
6,Sounds Like Love,1
7,The Marksman,3
8,Intrusion,2
9,Hotel Transylvania 3 Summer Vacation,6
10,Friendzone,1
1,Intrusion,1
2,Man on Fire,2
3,The Marksman,2
4,The Father Who Moves Mountains,2
5,My Little Pony A New Generation,1
6,The Starling,1
7,The Equalizer 2,2
8,The Intern,1
9,The Stronghold,1
10,No Reservations,1
1,The Marksman,1
2,The Equalizer 2,1
3,The Father Who Moves Mountains,1
4,Man on Fire,1
5,First Kill,1
6,Kate,2
7,Ghost Ship,1
8,Nightbooks,1
9,Love of My Loves,1
10,Amores perros,1
1,Alpha,1
2,Kate,1
3,Afterlife of the Party,2
4,NonStop,2
5,Slender Man,1
6,Worth,2
7,In Time,1
8,Prey,1
9,The Mask,1
10,Clash of the Titans,1
1,Hes All That,2
2,Afterlife of the Party,1
3,SAS Rise of the Black Swan,2
4,Invasion,1
5,The Old Ways,2
6,The Secret Life of Pets,3
7,Worth,1
8,Hotel Transylvania 3 Summer Vacation,5
9,I Dont Know Whether to Slit My Wrists or Leave Them Long,1
10,NonStop,1
1,The Old Ways,1
2,Sweet Girl,2
3,SAS Rise of the Black Swan,1
4,Hes All That,1
5,The Secret Life of Pets,2
6,Blood and Money,1
7,The Loud House Movie,2
8,Hotel Transylvania 3 Summer Vacation,4
9,Vivo,4
10,Bride Wars,1
1,Sweet Girl,1
2,The Secret Life of Pets,1
3,Hotel Transylvania 3 Summer Vacation,3
4,Black Island,1
5,The Kissing Booth 3,2
6,The Postcard Killings,1
7,Vivo,3
8,Beckett,2
9,The Loud House Movie,1
10,El infierno,3
1,The Kissing Booth 3,1
2,Hotel Transylvania 3 Summer Vacation,2
3,Vivo,2
4,El infierno,2
5,Beckett,1
6,Dead Man Down,2
7,The Swarm,2
8,The Addams Family,2
9,Aftermath,2
10,Mary Queen of Scots,1
1,El infierno,1
2,Vivo,1
3,Aftermath,1
4,The Last Mercenary,2
5,Resort to Love,2
6,Hotel Transylvania 3 Summer Vacation,1
7,The Swarm,1
8,The Addams Family,1
9,Blood Red Sky,3
10,Dead Man Down,1
1,Blood Red Sky,2
2,Resort to Love,1
3,The Last Letter From Your Lover,2
4,Ashes in the Snow,1
5,The Last Mercenary,1
6,Bartkowiak,1
7,Kingdom Ashin of the North,1
8,Bankrolled,1
9,The Conductor,1
10,Never Back Down,1
1,Blood Red Sky,1
2,The Last Letter From Your Lover,1
3,Trollhunters Rise of the Titans,1
4,La ley de Herodes,1
5,The Guide to the Perfect Family,2
6,Fear Street Part 3 1666,2
7,A Perfect Fit,1
8,Rust Creek,2
9,Wish Dragon,3
10,Bedazzled,1
1,Penguin Bloom,1
2,The Water Man,2
3,Fear Street Part 3 1666,1
4,How to Train Your Dragon The Hidden World,2
5,Major Grom Plague Doctor,2
6,Fear Street Part 2 1978,2
7,Fear Street Part 1 1994,3
8,Rust Creek,1
9,Wonder Park,1
10,The Guide to the Perfect Family,1
1,How to Train Your Dragon The Hidden World,1
2,Kung Fu Panda 3,2
3,Fatale,2
4,Major Grom Plague Doctor,1
5,Stepmom,2
6,Fear Street Part 1 1994,2
7,Warcraft,1
8,Fear Street Part 2 1978,1
9,Wish Dragon,2
10,The Water Man,1
